sequence,half_life_seconds,modifications,is_mod
CYIQNCPLG-NH2,1-6min,"H, NH2",True
CYFQNCPRG-NH2,10-20 min,"H, NH2",True
XHWSYlLRP-NHEt,Leuprolide has a terminal elimination half-life of approximately 3 hours,"pyroglutamyl, NHEt",True
Ac-XXXSXnLXPa-NH2,0.22 days (5.3 h) for abarelix injectable solution and 13.2 days for abarelix depot injection,"acetyl, NH2",True
Dec-WnDTGXDaDGsXX,8-9 hours (up to 28 hours in renal impairment),"decanoyl, cycle",True
-,70-100 hours,"H, OH",True
Formyl-VGAlAvVVWlWlWlWX,-,"formyl, OH",True
fPRPGGGGNGDFEEIPEEYL,25 min (up to 3.5h for dyalisis-dependant patients),"H, OH",True
KLLLLKLLLLKLLLLKLLLLK,-,"H, OH",True
SYSMEHFRWGKPVGKKRRPVKVYP,15 min (IV),"H, OH",True
CSNLSTCVLGKLSQELHKLQTYPRTNTGSGTP-NH2,"59-64min (SC), 58min (IM), 18-23min (NS)","H, NH2",True
HGDGSFSDEMNTILDNLAARDFINWLIQTKITD,2 hours (healthy subjects); 1.3 hours (SBS patients),"H, OH",True
HSQGTFTSDYSKYLDSRRAQDFVQWLMNT,"26 min (IM), 35 min (NP), 32 min (SC)","H, OH",True
SVSEIQLMHNLGKHLNSMERVEWLRKKLQDVHNF,The half-life of teriparatide in serum is 5 minutes when administered by intravenous injection and approximately 1 hour when administered by subcutaneous injection.,"H, OH",True
Ac-YTSLIHSLIEESQNQQEKNEQELLELDKWASLWNWF,3.8 ± 0.6 hours,"acetyl, OH",True
SYSMEHFRWGKPVGKKRRPVKVYPNGAEDESAEAFPLEF,15 Min (IV),"H, OH",True
XYADAIFTNSYRKVLGQLSARKLLQDIMSRQQGESNQERGARARL-NH2,"26 min (healthy subject), 38 min (HIV-infected patients)","3-hexenoyl, NH2",True
XHWSYXLRP-NHEt,"50-80 min (IV), 80 min (SC), 1-2hour (NS)","pyroglutamyl, NHEt",True
CFFQNCPKG-NH2,-,"H, NH2",True
CYFQNCPXG-NH2,-,"H, NH2",True
XYFQNCPrG-NH2,"Following an intranasal dose of 1.66 mcg of desmopressin, the median apparent terminal half-life was 2.8 hours. Terminal half-life significantly increased from 3 hours in normal healthy patients to 9 hours in patients with severe renal impairment. The oral terminal half life of desmopressin ranges from 2 to 3.11 hours.","deamino, NH2",True
SNLSTXVLGKLSQELHKLQTYPRTDVGAGTP-NH2,Elcatonin has a short absorption and elimination half-lives of approx 4 hours,"H, NH2",True
XAP,35-38 hours,"ethyl-4-phenylbutanoyl, OH",True
XHWSYwLRPG-NH2,"3 Compartment model: 6 min, 45 min, and 3 hours respectively.","pyroglutamyl, NH2",True
CGNLSTCMLGTYTQDFNKFHTFPQTAIGVGAP-NH2,10.2-37.8 min,"H, NH2",True
XHWSYXLRP-NHNHCONH2,4-5 hours,"H, NHNHCONH2",True
fCFwKTCX,100 min (SC),"H, OH",True
XHWSYGLRPG-NH2,10-40min,"pyroglutamyl, NH2",True
XHWSYXLRP-NHEt,3.92 ± 1.01 hr,"pyroglutamyl, NHEt",True
XCYwKVCT-NH2,22 days,"H, NH2",True
Ac-XXXSXXfXLXPa-NH2,41.5 - 70.2 days,"acetyl, NH2",True
rRPXGXSXR,1-2 hours,"H, OH",True
C(1)C(2)EYC(3)C(1)NPAC(2)TGC(3)Y,Can't be calculated because not sistemically absorbed,"H, OH",True
XXLFX,≤1 hour,"2-morpholinacetyl, 2-amino-4-methyl-1-[2-methyloxiran-2-yl]pentan-1-one ",True
Ac-c(C)-arrrar-NH2,3-4 days,"acetyl, NH2",True
AVSEHQLLHDKGKSIQDLRRRELLEKLLXKLHTA-NH2,1.7 (0.7) hrs,"H, NH2",True
NDEC(1)ELC(2)VNVAC(1)TGC(2)L,Half-life (t½) cannot be calculated due to negligible systemic absorbance,"H, OH",True
SQEPPISLDLTFHLLREVLEMTKADQLAQQAHSNRKLLDIA-NH2,Plasma half-lives for IR-corticorelin are 11.6 ± 1.5 minutes (mean ± SE) for the fast component and 73 ± 8 minutes for the slow component.,"H, NH2",True
XHP-NH2,"6.5 min (IV), 22 min (nasal), 31 min (oral)","pyroglutamyl, NH2",True
XLeIKXIfHdN,-,"1-amino-2-methylbutyl]-4,5-dihydro-1,3-thiazole-4-carbonyl, cycle",True
XXTXXTX,40-50 hours,"pentoxyphenyl phenyl benzoyl, cycle",True
XAXXXX . XSXXXX,4-6 hours,"H, cycle",True
XXTXXXX,9-11 hours,"tridecanoyl, cycle",True
XXTXXXX,14-17 hours,"4-(5-(4-(pentyloxy)phenyl)isoxazol-3-yl-benzoyl, cycle",True
XfCFwKTCX,The maximum effective half-life of indium In 111 pentetreotide is 10 hours.,"DTPA, 2-aminobutane-1,3-diol",True
XXTXX(1)XfLXXT(1),9-11.5 hours,"6-methyl-octanoyl, cycle",True
DRVYIHPF,Plasma half-life < 1 min,"H, OH",True
-, 8 ± 1.5 hours,"CH3, OH",True
-,Telaprevir has a half-life of elimination of 4.0-4.7 hours after a single dose and an effective half life of 9-11 hours at steady state,"pyrazinoyl, 3-amino-N-cyclopropyl-2-oxohexanamide",True
-,Boceprevir has a mean half-life of elimination of 3.4 hours,"CONH-tBu, 3-amino-4-cyclobutyl-2-oxobutanamide",True
XXSSXX,-,"H, cycle",True
XYIQNCPLG-NH2,-,"deamino, NH2",True
aXAWfK-NH2,-,"H, NH2",True
XXSSXX,-,"H, cycle",True
XFCYWKTCT,71 (± 28) hours,"DOTA, OH",True
XVPXPVX,21-25 hours,"MeOAc, 4,4'-(1-(4-(tert-butyl)phenyl)pyrrolidine-2,5-diyl)dianiline",True
Ac-DE,-,"acetyl, OH",True
XAX,"Perindopril, 1.2 hours; Peridoprilat, 30-120 hours. The long half life of peridoprilat is due to its slow dissociation from ACE binding sites.","ethyl-pentanoyl, OH",True
XAX,"Plasma concentrations of ramiprilat decline in a triphasic manner. Initial rapid decline represents distribution into tissues and has a half life of 2-4 hours. The half life of the apparent elimination phase is 9-18 hours, which is thought to represent clearance of free drug. The half-life of the terminal elimination phase is > 50 hours and thought to represent clearance of drug bound to ACE due to its slow dissociation. The half life of ramiprilat after multiple daily doses (MDDs) is dose-dependent, ranging from 13-17 hours with 5-10 mg MDDs to 27-36 hours for 2.5 mg MDDs.","ethyl-4-phenyl butanoyl, OH",True
XAX,The active metabolite quinaprilat has an elimination half life of 2.3 hours,"ethyl-4-phenyl butanoyl, OH",True
XAX,"The elimination half lives of trandolapril and trandolaprilat are about 6 and 10 hours, respectively, but, similar to all ACE inhibitors, trandolaprilat also has a prolonged terminal elimination phase that involves a small fraction of administered drug. This likely represents drug binding to plasma and tissue ACE. The effective half life of elimination for trandolaprilat is 16-24 hours.","ethyl-4-phenyl butanoyl, OH",True
XRX,39 and 51 minutes,"3-methyl-1,2,3,4-tetrahydroquinoline-8-sulfonic acid, OH",True
fflkX,23-31 hours,"H, γ-(4-N-piperidinyl)amino carboxylic acid",True
Ac-RCaHfRWC-NH2,Elimination half-life of approximately 11 hours,"acetyl, NH2",True
PGQEHPNARKYKGANKKGLSKGCFGLKLDRIGSMSGLGC,21.0-27.9 minutes,"H, OH",True
YXEGTFTSDYSIXLDKIAQKAFVQWLIAGGPSSGAPPPS,Approximately 5 days,"H, NH2",True
XXTXXTX,152 hours.,"4''-(pentyloxy)-[1,1':4',1''-terphenyl]-4-carboxamide, cycle",True
RRXCYXKKPYRXCR,Approximately 2 hours.,"Bz(4-F), NH2",True
XeXkXXeXE,Physical half-life is 109.8 minutes,"DOTA, OH",True
Boc-bAla-Trp-Met-Asp-Phe-NH2,10 minutes or less,"Boc, NH2",True
