sequence,half_life_seconds,experimental_characteristics
AC-GFGCNGPWNEDDLRCHNHCKSIKGYKGGYCAKGGFVCKCY-NH2,3600.0,rat
AC-GIINTLQKYYCRVRGGRCAVLSCLPKEEQIGKCSTRGRKCCRRKK-NH2,14400.0,human serum
AC-IWIAQELRRIGDEFNAYYARR-NH2,3900.0,Asp-N
AC-IWIAQELRXIGDXFNAYYARR-NH2,3120.0,Asp-N
AC-FMHNLWKHLSSMERVEWLRKKLQDVHNF-NH2,24.0,trypsin
AC-NSGLSFEELYRNAYTMVLHL-NH2,25200.0,human serum
KIKIPWGKVKDFLVGGMKAV-NH2,54000.0,human serum
EWDREINNYTSLIHSLIEESQNQQEKNEQELLELDKWASLWX,3600.0,Mammalian
EWDREINNYTSLIHSLIEESQNQQEKNEXELLELDKWASLW,1800.0,Yeast
EWDREINNYTSLIHXLIEESQNQQEKNEQELLELDKWASLW,1800.0,Yeast
AC-Y-E9-X-PLGLAG-R9-X-K-(DOTA)-NH2,1584.0,mouse
VEPNCDIHVILEWEWECFERL-NH2,96.0,proteinase K
CF-KPVSLSYRCPCRFFESHVARANVKHLKILNTPNCALQIVARLKNNNRQVCIDPKLKWIQEYLEKALNK-OH,144.0,liver homogenates
(VRLPPP)3,55440.0,human serum
GLURPRLSHKGPMPF,846.0,rat
KWVRWIKQVONG,300.0,pronase
H-ABU-EGTFTSDVSSYLEGQAAKEFIAWLVKGR,43200.0,
Y-ABU-EGTFISDYSIAMDKIHQQDFVNWLLAQKGKKNDWKHNITQ,25560.0,
GGFSFRF-NH2,671.9999999999999,human serum
VDNKFNKEQCNARAIEAALDPNLNDQQFHAKIWSIIDDC-NH2,14.4,proteinase K
YPFF-NH2,360.0,human serum
HSDAVFTDNYTRLRK-QMAVKKYLNSILN,1800.0,trypsin
AC-YKKK(AHX)ARHYINLITRQRY,3600.0,human serum
AC-(AHX)ARHYINLITRQRY,3600.0,human serum
AC-KKKKPYIL,7200.0,human serum
RKKYKYRRK-NH2,2700.0,human plasma
GFGMALKLLKKVL-NH2,57600.0,human serum
GRKKRRQRRRPWQ-NH2,120.0,trypsin
(GRKKRRQRRRPWQC-NH2)2,120.0,trypsin
(GRKKRRQRRRPWQ)2-K-NH2,120.0,trypsin
QGLNPYNLEDL-NH2,1200.0,enzymes
YRFK-NH2,22200.0,trypsin
PGHWSYGLRPG-VKRFKKFFRKLKKSV-NH2,1800.0,rat plasma
RFRIRCRANTI-WNVGSDTSLIDTC,120.0,Yeast
QHWSWGLRPG-VKRFKKFFRKLKKSV-NH2,1800.0,rat plasma
PGHWSYWLRPG-VKRFKKFFRKLKKSV-NH2,5400.0,rat plasma
KKLFKKILKYL-NH2,1200.0,rat plasma
YPWF-NH2,162.00000000000003,human plasma
ACI NTWNPWCIIPWDAPLCIIIA,86400.0,human plasma
CF-APLEPVYPGDNATPEQMAQYAADLRRYINMLTRPRY-NH2,180000.0,human plasma
CF-APLEPVYPGDNAKPEQMAQYAADLRRYINMLTRQRY-NH2,180000.0,human plasma
RNKSNLHTEARFRIRCRANTI-WNV,120.0,Yeast
FVPIFTYGELORVQQRKNSKKPPAKLQPR,328.2,
RRQRPRLSHKGPX,120.0,Yeast
RRRRRRRXGSLLGRMKGA,120.0,Yeast
RRRRRRRXLDPAFR,120.0,E_coli
RRRRRRRXPLSPPLRNTHPQAMQWNSTTF,120.0,E_coli
RRRRRRRXPTSNHSPTSCPPTCPGYRWMCLRRF,120.0,E_coli
VDKPPYLPRPRPPRRIYNR-NHPR,7200.0,25% mouse serum
HA/EGTFTSDVSSYLEGQAAKEFIAWLVKGRG,39600.0,EDTA plasma
YA/EGTFISDYSIAMDKIHQQDFVNWLLAQKGKKNDWKHNITQ,45000.0,EDTA plasma
HS/QGTFTSDYSKYLDSRRAQDFVQWLMNTKRNRNNIA,86400.0,EDTA plasma
HS/QGTFTSDYSKYLDSRRAQDFVQWLMNT,45000.0,EDTA plasma
