sequence,half_life_seconds,experimental_characteristics,hl_category
RRWQWR,1800.0,Human serum,Low
DAEFRHDSGYEVHHQKLVFFAEDVGSNKGAIIGLMVGGVV,144.0,Intravenouly injected into male B6SJLF1/J mice and blood samples collected from tail vein to prepare plasma samples,Low
DAEFRHDSGYEVHHQKLVFFAEDVGSNKGAIIGLMVGGVVIA,168.0,Intravenouly injected into male B6SJLF1/J mice and blood samples collected from tail vein to prepare plasma samples,Low
GVQLDLDEAI,4800.0,Intravenously injected in male New Zealand white rabbits and blood samples withdrawn  and plasma sample prepared,Low
PINPRLDG,900.0,Intravenously injected in male New Zealand white rabbits and blood samples withdrawn  and plasma sample prepared,Low
DGEQLADLIV,900.0,Intravenously injected in Male New Zealand white rabbits and blood samples withdrawn  and plasma sample prepared,Low
KKKQYTSIHHGVVEVDAAVTPEERHLSKMQQNGYENPTYKFFEQMQNIATVIVITLVML,300.0,BHK cell line,Low
RQIKIWFQNRRMKWKKNELKRAFAALRDQI,43020.0,Fetal bovine serum batch1,High
SPKMMHKSGCFGRRLDRIGSLSGLGCNVLRKY,94.2,Injected intravenously into dogs,Low
YAEGTFISDYSIAMDKIHQQDFVNWLLAQKGKKNDWKHNITQ,21600.0,Human plasma,High
SPKMVQGSGCFGRKMDRISSSSGLGCKVLRRH,762.0,Infused in pulmonary artery of sheep,Low
MMRDSGCFGRRLDRIGSLSGLGCNVLRRY,156.0,Infused in pulmonary artery of sheep,Low
SLRRSSCFGGRMDRIGAQSGLGCNSFRY,180.0,Infused in pulmonary artery of sheep,Low
SPTLAYAVP,210.0,Human serum,Low
LW,444.0,Rat plasma,Low
SY,312.0,Rat plasma,Low
VY,900.0,Rat plasma,Low
LY,258.0,Rat plasma,Low
AY,564.0,Rat plasma,Low
YY,960.0,Rat plasma,Low
AD,3840.0,Rat plasma,Low
HSQGTFTSDYSKYLDSRRAQDFVQWLMNTGGEGSGEGSEGEGSEGSGEGEGSEGSGEGEGGSEGSEGEGGSEGSEGEGGSEGSEGEGSGEGSEGEGGSEGSEGEGSGEGSEGEGSEGGSEGEGGSEGSEGEGSGEGSEGEGGEGGSEGEGSEGSGEGEGSGEGSEGEGSEGSGEGEGSGEGSEGEGSEGSGEGEGSEGSGEGEGGSEGSEGEGSEGSGEGEGGEGSGEGEGSGEGSEGEGGGEGSEGEGSGEGGEGEGSEGGSEGEGGSEGGEGEGSEGSGEGEGSEGGSEGEGSEGGSEGEGSEGSGEGEGSEGSGEG,32400.0,Injected subcutaneouly into cynomolgus monkeys,High
HSQGTFTSDYSKYLDSRRAQDFVQWLMNTGGEGGSEGSEGEGSEGSGEGEGGSEGSEGEGSEGSGEGEGGSEGSEGEGGSEGSEGEGGEGSGEGEGSEGSGEGEGSGEGSEGEGGSEGGEGEGSEGGSEGEGSEGGSEGEGGEGSGEGEGGGEGSEGEGSEGSGEGEGSGEGSEG,34200.0,Injected subcutaneouly into cynomolgus monkeys,High
HSQGTFTSDYSKYLDSRRAQDFVQWLMNT,600.0,Not reported,Low
MLTKFETKSARVKGLSFHPKRPWIL,9720.0,Mice plasma,Medium
FVPIFTYGELQRMQEKERNKGQ,198.0,Intravenouly injected in Sprague-Dawley rats,Low
FVPIFTYGELQRSPEHQRVQQRKESKKPPAKLQPR,702.0,Intravenouly injected in Sprague-Dawley rats,Low
FVPIFTYGELQREHQRVQQRKESKKPPAKLQPR,666.0,Intravenouly injected in Sprague-Dawley rats,Low
FVPIFTYGELQRQRVQQRKESKKPPAKLQPR,534.0,Intravenouly injected in Sprague-Dawley rats,Low
FVPIFTYGELQRVQQRKESKKPPAKLQPR,534.0,Intravenouly injected in Sprague-Dawley rats,Low
FVPIFTYGELQRQRKESKKPPAKLQPR,480.0,Intravenouly injected in Sprague-Dawley rats,Low
FVPIFTYGELQRKESKKPPAKLQPR,564.0,Intravenouly injected in Sprague-Dawley rats,Low
FVPIFTYGELQRSKKPPAKLQPR,318.0,Intravenouly injected in Sprague-Dawley rats,Low
FVPIFTYGELQRKKPPAKLQPR,360.0,Intravenouly injected in Sprague-Dawley rats,Low
FVPIFTYGELQRVQQRKESKKPPAKLQ,624.0,Intravenouly injected in Sprague-Dawley rats,Low
FVPIFTYGELQRVQQRKESKKPPAK,348.0,Intravenouly injected in Sprague-Dawley rats,Low
FVPIFTYGELQRVQQRKESKKPP,378.0,Intravenouly injected in Sprague-Dawley rats,Low
FVPIFTYGELQRVQQRKESKK,420.0,Intravenouly injected in Sprague-Dawley rats,Low
FVPIFTYGELQRVQQRKES,186.0,Intravenouly injected in Sprague-Dawley rats,Low
FVPIFTYGELQRVQQRK,144.0,Intravenouly injected in Sprague-Dawley rats,Low
HADGSFSDEMNTILDNLAARDFINWLIQTKITD,408.0,Infused into blood of pigs,Low
TSEKSQTPLVTL,16200.0,SVK14 keratinocytes,Medium
DRVYIHP,10.0,Blood sample of normotensive Sprague-Dawley rat,Low
MLPGLALLLLAAWTARALEVPYPYDVPDYASNKGAIIGLMVGGVVIATVIVITLVVMLKKKQYEQKLISEEDL,480.0,Human embryonic kidney cells,Low
EAEDLQVGQVELGGGPGAGSLQPLALEGSLQ,2010.0,6 Normal human male blood plasma sample,Low
GRGDS,480.0,Blood sample of C57BL/6 mice,Low
VVYTDCTESGQNLCLCEGSNVCGQGNKCILGSDGEKNQCVTGEGTPKPQSHNDGDFEEIPEEYLQ,9000.0,Human blood sample,Medium
RPPGF,5400.0,"Intravenous injection of Bradykinin,Human blood sample",Low
APRLRFYSL,1560.0,Heamolymph of Aplysia,Low
PRLRFYSL,3840.0,Heamolymph of Aplysia,Low
APRLRFYS,1620.0,Heamolymph of Aplysia,Low
APRLRF,660.0,Heamolymph of Aplysia,Low
APRLR,960.0,Heamolymph of Aplysia,Low
RLRFYSL,126.0,Heamolymph of Aplysia,Low
LRFYSL,162.0,Heamolymph of Aplysia,Low
RFYSL,90.0,Heamolymph of Aplysia,Low
FYSL,39.0,Heamolymph of Aplysia,Low
YSL,582.0,Heamolymph of Aplysia,Low
RLRFYS,90.0,Heamolymph of Aplysia,Low
LRFYS,90.0,Heamolymph of Aplysia,Low
FYS,28.8,Heamolymph of Aplysia,Low
DNPSLSIDLTFHLLRTLLELARTQSQRERAEQNRIIFDSV,3240.0,Human  blood plasmaMale patients with stable congestive heart failure  Intravenous injection,Low
ELRMSSSYPTGLADVKAGPAQTLIRPQDMKGASRSPEDSSPDAARIRV,1320.0,Human blood plasma,Low
TVPVDLASRQEEEEQSPDSTEEEPVTLPR,3780.0,pMEP-E2 CV-1 cell lines,Low
TVPVDLASRQEEEEQSADSTEEEPVTLPR,5640.0,pMEP-E2 CV-1 cell lines,Low
TVPVDLASRQEEEEQSPDSTEQEPVTLPR,1440.0,pMEP-E2 CV-1 cell lines,Low
HGEGTFTSDLSKQMEEEAVRLFIEWLKNGGPSSGAPPPS,34452.0,Human blood plasma,High
IPP,1800.0,Human blood plasma oral,Low
SLRRSSCFGGRIDRIGAQSGCNSFRY,144.0,Human blood plasma,Low
HSDAVFTDNYTRLRKQMAVKKYLNSILN,4968.0,Rat lung alveolar L2 cells,Low
HSDAVFTDNYTRLRRQMLVRRYLNSILNGRR,17028.0,Rat lung alveolar L2 cells,Medium
YTSLIHSLIEESQNQQEKNEQELLELDKWASLWNWF,31680.0,Male cynomolgus monkey blood plasma Intravenous,High
WQEWEQKITALLEQAQIQQEKNEYELQKLDKWASLWEWF,21240.0,Male cynomolgus monkey blood plasma Intravenous,High
MTWMEWDREINNYTSLIHSLIEESQNQQEKNEQELL,1080.0,Male cynomolgus monkey blood plasma Intravenous,Low
MTWMEWDREINNYTSLIHSLIEESQNQQEKNEQELLEL,4320.0,Male cynomolgus monkey blood plasma Intravenous,Low
TTWEAWDRAIAEYAARIEALIRASQEQQEKNEAELREL,4320.0,Male cynomolgus monkey blood plasma Intravenous,Low
TTWEAWDRAIAEYAARIEALIRAAQEQQEKNEAALREL,58680.0,Male cynomolgus monkey blood plasma Intravenous,High
MTWEAWDRAIAEYAARIEALIRAAQEQQEKNEAALREL,18360.0,Male cynomolgus monkey blood plasma Intravenous,High
TTWEAWDRAIAEYAARIEALIRAAQEQQEKNEAILREL,12240.0,Male cynomolgus monkey blood plasma Intravenous,Medium
TTWEAWDRAIAEYAARIEALIRALQEQQEKNEAALREL,54720.0,Male cynomolgus monkey blood plasma Intravenous,High
TTWEAWDRAIAEYAARIEALIRAAQELQEKNEAALREL,27360.0,Male cynomolgus monkey blood plasma Intravenous,High
TTWEAWDRAIAEYAARIEALIRALQEQQEKNEAILREL,44640.0,Male cynomolgus monkey blood plasma Intravenous,High
TTWEAWDRAIAEYAARIEALIRAAQEQQEKLEAALREL,64440.0,Male cynomolgus monkey blood plasma Intravenous,High
TTWEAWDRAIAEYAARIEALIRAAQEQQEKLEAVLREL,102960.0,Male cynomolgus monkey blood plasma Intravenous,High
TTWEAWDRAIAEYAARIEALIRALQELQEKNEAALREL,30960.0,Male cynomolgus monkey blood plasma Intravenous,High
TTWEAWDRAIAEYAARIEALIRALQELQEKNEAILREL,34560.0,Male cynomolgus monkey blood plasma Intravenous,High
TTWEAWDRAIAEYAARIEALIRAAQELQEKLEAALREL,110880.0,Male cynomolgus monkey blood plasma Intravenous,High
TTWEAWDRAIAEYAARIEALIRALQELQEKLEAILREL,127440.0,Male cynomolgus monkey blood plasma Intravenous,High
HPLGSPGSASDLETSGLQEQRNHLQGKLSELQVEQTSLEPLQESPRTPGVWKSREVATEGIRGHRKMVLYTLRAPR,7200.0,Human plasma,Low
SPRGDLAVLGHKY,3300.0,Human serum,Low
YGRKKRRQRRR,24000.0,Human plasma,High
HSQGTFTSDYSKYLDSRRAQDFVQWLMNTKRNRNNIA,6120.0,Mouse plasma Subcutaneous injection,Low
LEQYANQLADQIIKEATE,5400.0,Human serum,Low
DIRCKDDEFTHLYTLIVRPDNTYEVKIDNSQVESGSLEDDWDFLPPKKIKDPDAAKPEDWDERAKIDDPTDSKPEDWDKPEHIPDPDAKKPEDWDEEMDGEWEPPVIQNPEYKGEWKPRQIDNP,72.6,Rat plasma,Low
NPMYNAVSNADLMDFKNLLDHLEEKMPLEDEVVPPQVLSEPNEEAGAALSPLPEVPPWTGEVSPAQRDGGALGRGPWDSSDRSALLKSKLRALLTAPR,3600.0,Human blood,Low
NPVENMMDRDSQ,43200.0,Human plasma,High
HAECTFTSDVSSYLEGQAAKEFIAWLCKGRGCPSSGAPPPSGGGGG,172800.0,Serum of rats Subcutaneous injection,High
MAPRGFSCLLLLTGEIDLPVKRRA,1800.0,Mice plasma,Low
KPTFRRLKWK,1020.0,Fetal calf serum,Low
EAAGIGILTV,2700.0,Serum human,Low
FVPIFTYGELQREHQRVQQQRKESKKPPAKLQPR,668.4,Rat plasma Intravenous,Low
FVPIFTYGELQRQRVQQRKESKKPPAK,345.6,Rat plasma Intravenous,Low
FVPIFTYGELQRQRVQQRKESKKPP,380.4,Rat plasma Intravenous,Low
FVPIFTYGELQRQRVQQRKESKK,368.4,Rat plasma Intravenous,Low
FVPIFTYGELQRQRVQQRKES,293.4,Rat plasma Intravenous,Low
FVPIFTYGELQRQRVQQRK,143.4,Rat plasma Intravenous,Low
FVPIFTYGELQRVQQRKEKKPPAKLQPR,547.2,Rat plasma Intravenous,Low
FVPIFTYGELQRVQQRKEFKKPPAKLQPR,463.8,Rat plasma Intravenous,Low
FVPIFTYGELQRVQQRKETKKPPAKLQPR,580.2,Rat plasma Intravenous,Low
FVPIFTYGELQRVQQRKEPKKPPAKLQPR,579.0,Rat plasma Intravenous,Low
FVPIFTYGELQRVQQRKELKKPPAKLQPR,547.8,Rat plasma Intravenous,Low
FVPIFTYGELQRVQQRKEAKKPPAKLQPR,557.4,Rat plasma Intravenous,Low
FVPIFTYGELQRVQQRKQSKKPPAKLQPR,339.6,Rat plasma Intravenous,Low
FVPIFTYGELQRVQQRKDSKKPPAKLQPR,608.4,Rat plasma Intravenous,Low
FVPIFTYGELQRVQQRKKKPPAKLQPR,323.4,Rat plasma Intravenous,Low
FVPIFTYGELQRVQQKRDSRRPPAKLQPR,473.4,Rat plasma Intravenous,Low
FVPIFTYGELQRVQQKKSEKRPPAKLQPR,696.0,Rat plasma Intravenous,Low
FVPIFTYGELQRVQQRKGESKKPPAKLQPR,631.8,Rat plasma Intravenous,Low
FVPIFTYGELQRQQRKESGKKPPAKLQPR,693.0,Rat plasma Intravenous,Low
FVPIFTYGELQRVQQRKGGESKKPPAKLQPR,690.0,Rat plasma Intravenous,Low
FVPIFTYGELQRVQQRKESKKAKLQPR,463.8,Rat plasma Intravenous,Low
FVPIFTYGELQRVQQRKESKKAKLAALKA,536.4,Rat plasma Intravenous,Low
FVPIFTYGELQRVQQRKESKKPPAKLAALKA,596.4,Rat plasma Intravenous,Low
FVPIFTYGELQRVQQRKESKKPPAELAALEA,766.8,Rat plasma Intravenous,Low
FVPIFTYGELQRVQQRKESKKPPAELAALKA,693.6,Rat plasma Intravenous,Low
FVPIFTYGELQRVQQRKESKKMITIR,263.4,Rat plasma Intravenous,Low
FVPIFTYGELQRVQQRKESKKPPMITIR,315.0,Rat plasma Intravenous,Low
FVPIFTYGELQRKESKKPAKLAALKA,617.4,Rat plasma Intravenous,Low
FVPIFTYGELQRVQQKKAYSPDKERKPPALQPR,781.8,Rat plasma Intravenous,Low
FVPIFTYGELQRVQQKKAYSPDKERKPPAKLQPR,785.4,Rat plasma Intravenous,Low
HGDGSFSDEMNTILDNLAARDFINWLIQTLITDK,58320.0,Rat plasma Intravenous,High
VKFNKPFVFLMIEQNTK,6840.0,Rat plasma Intravenous,Low
KGCRFGTCTVQKLAHQIYQFTDKDKDNVAPRSKISPQGY,5400.0,Rat plasma Intravenous,Low
HVEGTFTSDVSSYLEGQAAKEFIAWLVKGRG,162000.0,Monkey plasma Intravenous,High
HGEGTFTSDVSSYLEEQAAKEFIAWLVKGRG,198000.0,Dog plasma Intravenous,High
HVEGTFTSDVSSYLEEQAAKEFIAWLIKGGPSSGAPPPCC,92880.0,Rat plasma Intravenous,High
HVEGTFTSDVSSYLEEQAAKEFIAWLIKGGPSSGAPPPC,129600.0,Rat plasma Intravenous,High
SEEPPISLDLTFHLLREVLEMARAEQLAQQAHSNRKLMEII,3756.0,Rat plasma Subcutaneous,Low
ELYENKPRRPYIL,354.0,Rat serum,Low
YGGFL,1272.0,Human plasma mixed with drug Thioridazine,Low
HADGVFTSDFSRLLGQLSAKKYLESLI,186.0,Intravenous administration to human plasma,Low
GPETLCGAELVDALQFVCGDRGFYFNKPTGYGYGSSRRAPQTGIVDECCFRSCDLRRLMYCAPLKPAKSA,72000.0,Human serum sample,High
ACDTATCVTHRLAGLLSRSGGVVKNNFVPTNVGSKAF,414.0,Intravenous injection into human,Low
GGFMTSEKSQTPLVTL,42.0,Male wistar Rats intravenously,Low
MKAIFVLKGWWRTS,210.0,Not reported,Low
SQEPPISLDLTFHLLREVLEMTKADQLAQQAHSNRKLLDIA,972.0,Intravenous administration to human plasma,Low
ADSGEGDFLAEGGGVR,30.0,Intravenous injection in lateral vein of normal rabbit,Low
VPLPAGGGTVLTKMYPRGNHWAVGHLM,168.0,Human serum,Low
HAEGTFTSDVSSYLEGQAAKEFIAWLVKGRG,144.0,Intravenous injection to dogs plasma,Low
NSPR,13380.0,Subcutaneously injected to rat,Medium
VVVPP,36000.0,Intravenous administration to human,High
AELRCMCIKTTSGIHPKNIQSLEVIGKGTHCNQVEVIATLKDGRKICLDPDAPRIKKIVQKKLAGDESAD,4200.0,Intradermal injection in rabbit,Low
AQDFVQWLMNT,10.0,Hepatic plasma membrane,Low
CSCSSLMDKECVYFCHLDIIWVNTPEHVVPYGLGSPRS,86400.0,Purified ET-1 protein sample,High
CSCSSLMDKECVYFCHLDIIW,2220.0,Purified ET-1 protein sample,Low
VNTPEHVVPYGLGSPRS,3420.0,Purified ET-1 protein sample,Low
CSCSSLMDKECVYFCHLDIIWVNTPERVVPYGLGSPSRS,1500.0,Purified ET-1 protein sample,Low
VNTPERVVPYGLGSPSRS,2820.0,Purified ET-1 protein sample,Low
RPKPQQFFGLM,126.0,Purified ET-1 protein sample,Low
GWTLNSAGYLLGPHAVGNHRSFSDKNGLTS,222.0,Human serum,Low
DGGFL,1272.0,Nasal administration to Male Sprague Dawley derived rats,Low
EAKSQGGSN,150.0,Intravenouly injected in male Wistar rats,Low
YRQSMNQGSRSTGCRFGTCTMQKLAHQIYQFTDKDKDGMAPRNKISPQGY,120.0,Intravenous administration in Rat,Low
SYSMEHFRWGKPVGKKRRPVKVYPAGEDDEASEAFPLEF,439.2,Intravenously injected to rat,Low
HDEFERHAEGTFTSDVSSYLEGQAAKEFIAWLVKGRG,300.0,Subcutaneously injected in mice,Low
FGGFTGARKSARKLANQ,3840.0,Mouse Plasma,Low
AEIYNKDGNKLDLYG,1800.0,Buffer,Low
VDKPPYLPRPRPPRRIYN,7200.0,25% mouse serum,Low
DRVYIHPFHL,3600.0,Bacterial strain B-9 cell culture,Low
YGGFMTSEKSQTPLVTLFKNAIIKNAYKKGE,300.0,Bacterial strain B-9 cell culture,Low
HAEGTFTSDVSSYLEGQAAKEFIAWLVRGRPSSGAPPPS,1170.0,Bolus injectionPig kidney,Low
MKFTLFSVLVVLLIATFVAADDCPRICTADFRPVCGTPSGGRRSANRTFGNQCSLDSHNCLNKGDTYDKLHDGECK,3600.0,Kunming Mouse plasma Dose i/v injected,Low
MIFVKTLTGKTIL,5400.0,Sprague Dawley rats Dose i/m injected,Low
PLLQATL,5400.0,Human plasma,Low
HSDAVFTDNYTRLRKQVAAKKYLQSIKNKRY,250.8,Protein Sample +HAS + Fxa +DPP IV,Low
MWQRPSSWIEGRFPHSDAVFTDQYTRLRKQLAAKKYLQSLKQKRY,34956.0,Buffer containing peptide sample,High
YPIKPEAPGEDASPEELNRYYASLRHYLNLVTRQRY,12240.0,Female pigs blood + Peptide sample+ DPP-IV inhibitor valine pyrrolidide,Medium
LLTHTISRIAVSYQTKVNLL,345.6,BALB/c mice plasma Dose i/v injected,Low
MWQRPSSWIEGRLLTHTISRIAVSYQTKVNLL,47196.0,BALB/c mice plasma Dose i/v injected,High
GPE,300.0,Sprague-Dawley rats plasma Dose i/v injected,Low
RKEVY,30.0,Human plasma,Low
LLGDFFRKSKEKIGKEFKRIVQRIKDFLRNLVPRTES,3600.0,Western Blotting,Low
SQEPPISLVLTFHLLREVLEMTKADQLAQQAHSNRKLLDIA,2568.0,Sheep plasma,Low
GWTLNSAGYLLGPHAI,1680.0,Hypothalamic membranes of Male Sprague-Dawley rats,Low
HADGVFTSDFSKLLGQLSAKKYLESLMGKRVSSNISEDPVPV,2250.0,Human plasma,Low
HSQGTFTSDYSKYLDSRRAQDFVQWLMNTKRNKNNIA,720.0,Human plasma Dose i/v injected,Low
YGGFM,768.0,Human plasma,Low
WAGGDASGE,434.4,Mongrel dog plasmaDose i/v injected,Low
AGGDASGE,453.0,Mongrel dog plasmaDose i/v injected,Low
APGPR,300.0,Human Serum,Low
GPETLCGAELVDALQFVCGDRGFYFNKPTGYGSSSRRAPQTGIVDECCFRSCDLRRLEMYCAPLKPAKSA,6000.0,Rat Serum,Low
FVNQHLCGSHVDELQYLCGDRGFYFNKPTGYGSSSRRAPQTGIVDECCFRSCDLRRLEMYCAPLKPAKSA ,1650.0,Rat Serum,Low
GPQALCGAELVDALYLVCGDRGFYFNKPTGYGSSSRRAPQTGIVDECCFRSCDLRRLEMYCAPLKPAKSA ,1614.0,Rat Serum,Low
GPETLCGAELVDALQFVCGDRGFYFNKPTGYGSSSRRAPQTGIVDECCFRSCDLRRLEMYCAPLKPAKSA ,900.0,Dose i/v injectedChicken plasma,Low
YDPAPPPPPP,5760.0,A. aegypti blood,Low
PGDSTRKCMDLKGNK,3240.0,Human plamsa,Low
SVSEIQLMHNLGKHLNSMERVEWLRKKLQDVHNF,18000.0,Human plasma Severe renal impairment patients,Medium
FPTIPLSRLFDNAMLRAHRLHQLAFDTYQEFEEAYIPKEQKYSFLQNPQTSLCFSESIPTPSNREETQQKSNLELLRISLLLIQSWLEPVQFLRSVFANSLVYGASDSNVYDLLKDLEEGIQTLMGRLEDGSPRTGQIFKQTYSKFDTNSHNDDALLKNYGLLYCFRKDMDKVETFLRIVQCRSVEGSCGF,1080.0,Intravenous route of injection human serum,Low
ANTFLEEVRKGNLERECVEETCSYEEAFEALESSTATDVFWAKYTACETARTPRDKLAACLEGNCAEGLGTNYRGHVNITRSGIECQLWRSRYPHKPEINSTTHPGADLQENFCRNPDSSTTGPWCYTTDPTVRRQECSIPVCGQDQVTVAMTPRSEGSSVNLSPPLEQCVPDRGQQYQGRLAVTTHGLPCLAWASAQAKALSKHQDFNSAVQLVENFCRNPDGDEEGVWCYVAGKPGDFGYCDLNYCEEAVEEETGDGLDEDSDRAIEGRTA,5400.0,Human blood plasma sample,Low
RKDVY,336.0,heparinized rabbit plasma,Low
EWDREINNYTSLIHSLIEESQNQQEKNEQELLELDKWASLWC,2340.0,Solutions of bovine trypsin and the peptide or PEG−peptide conjugate in 10 mM PBS pH 7.4,Low
HGDGSFSDEMNTILDNLAARDFINWLIQTKITDK,138600.0,Subcutaneous injection in female Sprague – Dawley strain rats,High
RREAQNPQAGAVELGGGLGGLNALALEGPPQKRG,594.0,Porcine blood,Low
GGFL,780.0,Sheep nasal wash fluid,Low
YRQSMNNFQGLRSFGCRFGTCTVQKLAHQIYQFTDKDKDNVAPRSKISPQGY,67.5,Hind limb vascular bed of the cat,Low
GCRFGTCT,67.5,Hind limb vascular bed of the cat,Low
