sequence,half_life_seconds
AVSKVLHLEGEVNKISALLSTNKAVVSLSNGANTI-VSVLTSKVLDLDNYIDKQLLPIVNK,15840.000000000002
ANTI-HEVVPLEVYTRHEIK,600.0
ANTI-HEVVPLEVYTRHEIK,12600.0
ANTI-MEVVQQTRMD KLTQGRQTYD,108000.0
EMTWEEWEKKIEEYIKKIEEILKKSQNQQIDLGSGX,3600.0
EMTWEEWEKKIEEYIKKIEEILKKSQNQQIDLGSGX,1800.0
EWDREINNYTSLIHSLIEESQNQQEKNEQELLELDKWASLWX,3600.0
EWDREINNYTSLIHSLIEESQNQQEKNEQELLELDKWASLWX,1800.0
EWDREINNYTSLIHSLIEESQNQQEKNEXELLELDKWASLW,1800.0
EWDREINNYTSLIHSLIEESQNQQEKNEXELLELDKWASLW,3600.0
EWDREINNYTSLIHSLIEESQXQQEKNEQELLELDKWASLW,3600.0
EWDREINNYTSLIHSLIEESQXQQEKNEQELLELDKWASLW,1800.0
EWDREINNYTSLIHSLIEEXQNQQEKNEQELLELDKWASLW,3600.0
EWDREINNYTSLIHSLIEEXQNQQEKNEQELLELDKWASLW,1800.0
EWDREINNYTSLIHSLIXESQNQQEKNEQELLELDKWASLW,1800.0
EWDREINNYTSLIHSLIXESQNQQEKNEQELLELDKWASLW,3600.0
EWDREINNYTSLIHXLIEESQNQQEKNEQELLELDKWASLW,1800.0
EWDREINNYTSLIHXLIEESQNQQEKNEQELLELDKWASLW,3600.0
EWDREINNYTXLIHSLIEESQNQQEKNEQELLELDKWASLW,3600.0
EWDREINNYTXLIHSLIEESQNQQEKNEQELLELDKWASLW,1800.0
EWDXEINNYTSLIHSLIEESQNQQEKNEQELLELDKWASLW,3600.0
EWDXEINNYTSLIHSLIEESQNQQEKNEQELLELDKWASLW,1800.0
FLPLILPANTI-SIVTALSSFLKQG,180.0
FLPLILPANTI-SIVTALSSFLKQG,3960.000000000001
FLPLILPANTI-SIVTALSSFLKQG,120.0
FNESTRKKIE KIRPLLVEGT,120.0
FNESTRKKIE KIRPLLVEGT,180.0
FNESTRKKIE KIRPLLVEGT,3960.000000000001
GIGDPVTCLKSGAICANTI-HPVFCPRRYKQIGTCGLPGTKCCKKP,108000.0
GIKEXKRIVQRIKDFLRNLV,108000.0
GRFKRXRKKXKKLFKKIS,108000.0
GYHLMSFPQAAP-HGVVFLHVTW,108000.0
KQLTEAVQKITTEANTI-SIVIWGK,180.0
KQLTEAVQKITTEANTI-SIVIWGK,4680.0
KQLTEAVQKITTEANTI-SIVIWGK,120.0
KQNAANILRLKESIAATNEAVANTI-HEV,120.0
KQNAANILRLKESIAATNEAVANTI-HEV,4680.0
KQNAANILRLKESIAATNEAVANTI-HEV,180.0
LEAIPMGIPPEVXFNKPFVF,120.0
LEAIPMGIPPEVXFNKPFVF,19800.0
LEAIPMGIPPEVXFNKPFVF,180.0
LEKIPMSIPPEVXFNKPFVF,180.0
LEKIPMSIPPEVXFNKPFVF,120.0
LEKIPMSIPPEVXFNKPFVF,19800.0
LPVGGNEKKA KLANVVRKMM,19800.0
LPVGGNEKKA KLANVVRKMM,180.0
LPVGGNEKKA KLANVVRKMM,120.0
MDVNPTLLFL KVPAQNAIST TFPYT,108000.0
MVDRGWGNHAGLFGKGANTI-SIV,108000.0
RFRIRCRANTI-WNVGSDTSLIDTC,120.0
RFRIRCRANTI-WNVGSDTSLIDTC,120.0
RFRIRCRANTI-WNVGSDTSLIDTC,3600.0
RNKSNLHTEARFRIRCRANTI-WNV,120.0
RNKSNLHTEARFRIRCRANTI-WNV,120.0
RNKSNLHTEARFRIRCRANTI-WNV,3600.0
RRQRPRLSHKGPX,120.0
RRQRPRLSHKGPX,3600.0
RRQRPRLSHKGPX,120.0
RRRRRRRXGSLLGRMKGA,120.0
RRRRRRRXGSLLGRMKGA,3600.0
RRRRRRRXGSLLGRMKGA,120.0
RRRRRRRXLDPAFR,120.0
RRRRRRRXLDPAFR,120.0
RRRRRRRXLDPAFR,3600.0
RRRRRRRXPLSPPLRNTHPQAMQWNSTTF,120.0
RRRRRRRXPLSPPLRNTHPQAMQWNSTTF,3600.0
RRRRRRRXPLSPPLRNTHPQAMQWNSTTF,120.0
RRRRRRRXPTSNHSPTSCPPTCPGYRWMCLRRF,120.0
RRRRRRRXPTSNHSPTSCPPTCPGYRWMCLRRF,3600.0
RRRRRRRXPTSNHSPTSCPPTCPGYRWMCLRRF,120.0
SANTI-VSVGMKPSPRP,6840.0
SGCANNTCYNANTI-VSVIVPDYQC,6840.0
SSCNMGWDTPAANTI-CCVWFPYWV,6840.0
STSQKANTI-SIVAYTM,6840.0
TLLFLKVPAQ NAISTTFPYT,25920.0
VFQFLGRIIANTI-HHVGNFVHGFSHVF,360000.0
YXGAVVNDL,120.0
YXGAVVNDL,600.0
YXGAVVNDL,10080.0
